{"cameraMode":{"drawMode":0,"name":"Shaded","section":"Shading Mode"},"sceneLighting":false,"audioPlay":false,"sceneViewState":{"m_AlwaysRefresh":false,"showFog":true,"showSkybox":false,"showFlares":true,"showImageEffects":true,"showParticleSystems":true,"showVisualEffectGraphs":true,"m_FxEnabled":true},"in2DMode":false,"pivot":{"x":0.05524998903274536,"y":1.868149757385254,"z":3.8573999404907228},"rotation":{"x":0.1814088225364685,"y":0.45072829723358157,"z":-0.09409715235233307,"w":0.8689584732055664},"size":0.8660253882408142,"orthographic":false}